838422	what is the paper inside the fosh lamps called
41231	average rainfall brinnon wa
102003	cost of a littmann stethoscope
133086	definition of cash surrender value
516233	the goat definition
717740	what is analogue technology
533396	us army ft. hood, killeen phone number
56920	buffalo wild wings how many sauces for large order
776998	what is nmat
121767	define functional memory
40391	average power washing prices
910153	what type of acetylcholine receptors does cardiac muscle have
587253	what causes dogs to throw up yellow stuff
887487	what platform to use for online tutoring
551873	what age to be in head start in nc
268866	how long to change over meter account
170357	does poison oak grow on the beach
193904	general public principle definition counseling
380141	how to show security tab in internet explorer
940996	when did sultans of swing come out
698430	what is a romany gypsy
581132	what can cause both ears to be clogged
261166	how long for medication to leave system
789503	what is range of freqencies physics
132684	definition of autotroph
5439	PRONUNCE SCHEMA
832940	what is the minimum temperature for holding potentially hazardous foods hot?
82194	canonsburg post office phone number
422341	is refrigerant an asset
66668	can dogs give humans gastroenteritis
399998	is a gene a specific form of an allele
889446	what protocol does turnigy use
578395	what bank does mazda finance thru for leases
429520	is tim walberg in house
442371	longest golf drive
306143	how much do labor and delivery nurses make
1032545	who is eligible for medicare part c
144942	did robin williams win an oscar
586616	what causes clitorial tingling and pinching feeling
42436	average salary for medical office manager st louis missouri
353579	how to create in prezzi a slide within a slide
140285	definitions of configuration management
594506	what channel does little league world series come on
486893	regulation of notary public georgia
820334	what is the english term for setting
436182	largest city by population in ohio
1161590	what does hepatic refer to
797714	what is sodium palmate?
512400	temperature in tampa the end of january
931191	what's the breeding cycle of a black widow spider
11752	adobe indesign cs5 5 crack serial number windows
980197	where is cloverdale, in
924217	what were the major provisions of the peace of utrecht
774069	what is msn credentials
1016414	which one of the following was the first listed exchange for stock options in the united states?
856322	what is tma in aki
636127	what does dna ladder mean in dna fragmentation
83230	cast in netflix cast
752289	what is government ccsd
894372	what shows did.jennifer beals star in
424780	is straight talk an unlocked phone
45336	average temperature in orlando in january
191939	from what type of stone are stalactites formed
712504	what is an associates
237241	how is propofol dispensed
422993	is salary used to determine net worth
949496	when is apple new iphone release
927183	what year did theodore roosevelt said in any moment of decision, the best thing you can do is the right thing. the worst thing you can do is nothing
225919	how does cross-cutting relations establish relative dates?
26145	are water meters read remotely
246888	how long do tissue salts take to work
912778	what type of hearing aid do i need
242766	how long can wine stay in the fridge
745911	what is extrapolation
526325	types of ankle sprains
179617	elements that are made up of molecules
505823	suv highest mpg
508003	symptoms of intestinal bacterial infection
438552	learning how to teach golf
24436	are pregnant women allowed on planes
309143	how much does a crf100f cost
97261	conservative definition of a liberal
907989	what to serve for wine tasting
17754	analog definition electronics
1168679	us choice beef cutout price
459389	most sturdy bridge
534928	usps parcel rate
200450	heating and air conditioning ductwork installation cost
1064129	why do atoms have no charge
392593	illinois registration cost
833864	what is the most popular gaming system
432660	jaime spanish name meaning
1037707	who is richie norton
568857	what are the different car manufacturers
217318	how do i become a NNN property broker
58799	calgary hockey team nhl
57359	bush encroachment definition
270970	how long to grill peppers and onions
635618	what does ddos mean
863610	what is written literature
105787	cost of new master bathroom cost
581817	what can help so i can taste food from a cold
351387	how to connect iphone to iphone
690608	what is a melee
438569	learning technologies define
325232	how much money for an acre of vineyard
784713	what is pmh ta stand for
536928	video on how to tie a bowtie
1026033	who defined the style known as deconstruction
195161	glaucoma, causes
634252	what does chad mean
1025587	who created cookies computers
211719	how cold do you keep white wine
819197	what is the distance of 5k run
537895	vitamins can function as antioxidants in that they are able to
700107	what is a single focus lens?
51256	benefits of taking evening primrose oil supplements
1001437	where to find gold in qld
1019597	which state did not show up to the constitutional convention
35287	average cost to live in an apartment
312947	how much does an oil change cost in holstein iowa
978557	where is bow hunter bob kirshner
797591	what is social treatment
134899	definition of generalization in literature
965857	where are my computer drives
567607	what are the best foods to eat for constipation not cause buy medicine please include bratz
2577	Copy Data from one Worksheet to Another in Excel VBA
377659	how to retrieve deleted videos from iphone
496882	should type 2 diabetes be capitalized in a sentence
592808	what causes thickening of colon
1154745	what is hog maw made of
722666	what is batiste
866184	what kind of alcohol is seagrams
654115	what does transthyretin do
290972	how many ounces in a bookers bottle of booker's bourbon
647989	what does site does sap recommend for determining tax jurisdiction?
1177554	how much does a comedian make a year?
1001517	where to find sawn logs in skyrim
257153	how long does it take to get rid of chlorine after shocking well
518762	the senate number of members from each state
215363	how did the notion of the freedom of contract create opportunities and constraints on liberty?
374655	how to raise your gpa quickly
307436	how much do stockers make at target
1003088	where was ozark filmed?
1153029	what is real time network moni
930927	what's team do verajak basketball player
355471	how to do 3d skecting
803037	what is temporary grass seed
834815	what is the name of the air force base in italy
53617	biggest utility companies us
224035	how do you spell champaign the drink
625092	what do tetrads do in mitosis
222962	how do you lower triglycerides naturally
491666	salary for rn
877896	what metamorphic rock is created from shale
1146997	what number do i call to get my phone number
1173601	meaning of locus in biology
337202	how old to get a savings account
815407	what is the definition of ray ray
303691	how much chia seeds do you add to water
1028080	who guards kevin durant
546756	weather temps in anchorage ak in august
821447	what is the first day of a woman's cycle
952155	when is the best time of day to water the lawn in hot summer
669741	what hotels are near philips arena in atlanta
599923	what conclusion did alfred wegener draw about the continents?
362875	how to get test for glyphosate
792393	what is rose quartz made of
438215	layman definition of deep learning
355118	how to develop test taking skills
693827	what is a partnership development group
691575	what is a mortgage inspection report
1071958	why is retinyl palmitate used in lipstick
878922	what months do cabbage to grow
502209	stages of dehydration death
532847	until what age do girls grow in height
544586	weather in jackson hole wy
1016757	which otc drugs are considered safe and effective
941857	when did the lindbergh baby go missing
629657	what does a neurosurgeon treat
714809	what is an hybrid tomato
1167905	weather in grande prairie
489216	right side of back middle back hurting causes
598128	what color is orchid white
753449	what is hamishah
346223	how to broil pork tenderloin
344539	how to barbecue ribs on a charcoal grill
361128	how to get an ios onto a switch stuck in switch mode
1034273	who is jessica hahn?
504161	straight window next meaning
301995	how much allowable for fha closing
422140	is rachel buffett in jail
180565	engineered materials are also referred as
327475	how much should i expect to pay for a bathroom remodel
713184	what is an eim
780322	what is orthodontic dental care
1015896	which of the following was a domestic policy that president nixon established
1163268	what did jacques hadamard study
382912	how to terraform in spore
66378	can depression cause insomnia
391385	if consumption or gross investment is increasing because of the lower price level
1074325	why the great gatsby ended the way it did
164103	does bystolic cause coughing
674567	what is a best interest plea mean
287926	how many lobes in megakaryocyte
468151	ohio state police non emergency number
9538	a.o.smith stock price
885985	what percent water is a pear
614987	what county is zoarville oh in
666640	what happens to price when quantity supplied increase
380766	how to spray paint abs panel
616452	what dates do property taxes cover
1059350	who wrote the vindication of the rights of woman
106994	cost of sharepoint
523082	tours of iceland
206580	house of saud net worth
241302	how long can a lion sleep in a day
770857	what is melanin made of
784143	what is pivot software
667597	what happens when you fail an eoc
812447	what is the correct temp for a refrigerator
634346	what does chi taste like
328389	how much tax preparers make
718274	what is another name for mountain zebra
294200	how many quarts make.a gallon
878131	what mileage is deductible for self employed
741310	what is drg stimulation
670969	what information do I need from my sexually abused child?
480755	price of installation manufacturing surveillance
683568	what is a flow check on a sink
700490	what is a snake charmer
294125	how many pull ups do marines need to go to bootcamp
628579	what does a compensation analyst do
628325	what does a bumper to bumper warranty cover
413255	is irish potato famine naturally
40215	average per hour salary for warehouse workers iin chicago
703312	what is a therapy ?
338275	how quickly does ibuprofen take effect
95467	common causes of seizures
207716	how are proteins transported to their correct location
218018	how do i find my password for my imessages on my ipad
203031	highest state average act scores
270238	how long to cook thin slice beef
1174267	larry csonka number
501315	spencer jacket definition
951238	when is my social security check coming this month
29668	august weather in boston, ma
62842	can a opposium be release after living in captivity for 1 year
1002943	where was mi santa video shot
831957	what is the meaning of zach
616418	what date was the woodstock concert
452344	megatropolis definition
24336	are platelets pieces of cells
453094	methods of installing foundations for paths
484082	purpose of a marketing degree
274155	how many  digits is in a account number
1173602	meaning of locking hair
631103	what does adh do for the body
1009777	which foods are irradiated
469488	optic nerve damage research
427007	is the original kiss band touring
854376	what is the wing speed velocity of an unladen sparrow?
468309	okc thunder preseason schedule
479612	pregnant what can i take for a cold
54433	blind loop syndrome
85193	causes of a toilet that bubbles when flushed only
235889	how install hanger bolts
494276	secondary highway definition
389525	hunter college cost per credit
433005	jeanne tripplehorn played in what
1182384	highest tax rate under carter
690687	what is a menthol inhaler for
501283	speedy cash how long before you can get a new loan
23563	are masks required when caring for droplet precaution patients
173112	does the word phallic comes from the greek word phallus
1038683	who is starshell
91228	chemical formula for  sodium carbonate
275671	how many breweries in fort collins
624993	what do stripers eat
74880	can transgender children be counseled
164285	does carbon and hydrogen stom bad
828462	what is the limit for social security taxes
450289	meaning of the word emmaus
441117	list of tomato diseases
595149	what chemical elements commonly found in living organisms?
796584	what is six sigma white belt
631984	what does an ioniser do
498355	simple average versus weighted average
1010808	which illness is caused by eating food that contains a large number of disease-producing bacteria?
909792	what two ncaa basketball teams played the final game on home court
113256	css font defaults
436779	largest lakes new york state
736516	what is cucurbita
378708	how to see time off in partial work day
227636	how does sperm survive being frozen
232814	how far radisson resort orlando - celebration from disney world
692187	what is a nebula
824415	what is the health benefit of okra juice
672007	what is #420 mean
1170991	rumpke phone number
1152635	what is sleep apnea pdf
113477	cultural artifacts definition
439250	length of time defined in a persistent vegetative state
227983	how does the egg diet work
532276	unio mystica definition
1023381	whichtype oftisue forms epidermal
228549	how does us political system work
986284	where is lander wyoming
957276	when was curious george first published
1073256	why jermaine jackson celebrity wife swap
628868	what does a electricity meter measure
744036	what is enhancement systems
897573	what state is atlantic city located
940684	when did scotland last beat wales rugby?
273486	how long will food stay good in the fridge without power
977765	where is battery park in nyc
107981	cost of wedding flowerss
1144849	define groaning
896376	what software uses multiple cores
552201	what airline fly direct from new york to puerto vallerta
432652	jail atm how long before  inmate gets money
958860	when was michael jordan first shoe deal
732010	what is cointreau made of
82897	carpathian mountains definition
502050	srs definition brd
320010	how much fresh turmeric
894622	what side of the niagara falls is higher
21862	are corn tortillas considered whole grain
760720	what is iron (ii) sulfide
1019067	which sentence uses commas correctly?
1071126	why is lincoln park called lincoln park
393437	in how many cities are federal reserve district banks located? brainly
400930	is a sirloin steak the same as a strip steak?
244235	how long do beach wave perms last
1019679	which state has the worst economy
279660	how many claws does a scorpion have
640438	what does it mean if you spread your legs and it smells like tuna
482517	professional credentials definition
846952	what is the size of a shower curtain
437242	largest rv dealer in washington
866642	what kind of bug is an efts
1007942	which county is pittsburg ca in
641724	what does iwd stand for in technology
410840	is garlic a spice or herb
89808	central obesity
178727	effects of heavy metals on humans antimony arsenic
151360	digital hearing aids prices
1138063	who is thomas l jennings
817997	what is the difference between mucinex and mucinex d?
420544	is pcie same as pci
101739	cost of CNC milling machines
71819	can nicotine patches cause muscle soreness
276536	how many calories does chicken wrap have
302448	how much are youth braces
653703	what does the word tenuous mean
66214	can damaged solar panels perform
1062113	why did ancient civilizations have a government
85102	causes for wwii
1080785	www.who is the actor that plays chuck mcgill.com
587762	what causes eyes to become yellow
37689	average income for people in kansas
456293	most accurate presidential election polls
625372	what do the numbers on the bottom of a check represent
667134	what happens when carbon dioxide reaches 0 in plants
344495	how to bake use microwave conventional oven
863541	what is wpd
927045	what year did the ordovician period end
783303	what is pharma bro
343312	how to adjustment valve on kohler courage 27 hp
215023	how did the earth moon and sun form
296120	how many species of primates are there
985602	where is kankakee illinois located
100273	cost accounting standards chart
29450	attached hereto definition
97441	construction quality assurance definition associated general contractors
624685	what do rooster eat
577925	what attributes do occupational therapy people need for working with autistic student
217973	how do i find a file in windows xp
94611	college graduate stats salaries
580782	what can be damaged in a choking
654360	what does typical mean
235178	how hearing is measured
357880	how to figure out tons of dirt cubic yards
42779	average salary in hcl norway
96576	concerts in the park schedule
192504	function of state supreme courts
450221	meaning of the root word rape.
456400	most beautiful cathedrals in london
405959	is charlie murphy dead
1006254	which brain takes care of the body's emotional, intuitive, and spatial functions
305128	how much do cia agents make a month
6925	What band names were the Beatles known as
523208	townsend de is what county
647425	what does sampling variability mean
687558	what is a inherited trait
160581	do you know jeff the killer cortana?
725579	what is bpcs
401382	is account number same as routing number?
1143210	when did marla maples and donald trump get divorced?
1066407	why does a cell need to carry out transcription before translation
991939	where is royalton st lucia located
201647	hfm disease symptoms
301208	how many years of medical school is required to become a pediatrician
273488	how long will food stay good in the refrigerator
928731	what year was vans made
215409	how did the progressive movement impact the development of the us
127058	define sibilant
494019	sea freight scac code
335611	how old is kitty kelley
1149022	what is the syntax of retain statement
643908	what does myeloma look like
487879	requirements for age of majority card
200867	heliotropic effect
422960	is safflower a hydrogenated oil
844345	what is the right and left side of a car engine
967868	where can i see rome's ruins and catacombs
546353	weather in verkhoyansk
162823	does alcohol prevent antibiotics from working
432359	italian influence on australian food
221107	how do you become a residential appraiser tx
483761	pu-erh tea health benefits
749511	what is functional group of ephedrine
739767	what is dill seasoning  made out of
366276	how to keep writing below in excel
806931	what is the average salary for a target employee
661639	what foods have soy in them
958589	when was lightbulb invented
757966	what is in automotive exhaust
276883	how many calories in a glass of burgundy wine
856324	what is tma stands for?
716384	what is an objective for a lesson
627932	what does Nac used for
915086	what type of vaccine method is used for chickenpox
1154087	what is malignant otitis media
797483	what is social capital theory
606000	what county is forestville, md in
452612	meningitis that begins as an infection of the lungs is caused by
767854	what is magnesiums uses
222148	how do you find the increasing and decreasing intervals of a function
660183	what food can help reduce the swelling around the ankles
153341	distance between two latitude o
69644	can i smoke before donating blood
289200	how many miles you have to drive for the hood be hot
474895	phone number to hotmail customer service
57135	bunker sand prices
13607	age of documents for retirement accounts fnma
491647	salary for psychologist che psychological services
989167	where is newark valley ny
769873	what is meant by mafic soil
122043	define grotesque in literature
349058	how to change the password on my winchester safe wc711e
877113	what media media player is available for free
925658	what would poison
531625	ultrasound technician schools in houston tx
1041201	who is the oldest living person in the world
703558	what is a tilefish
492102	salary of refrigeration technician
622410	what do catalpa worms come from
273459	how long will dried blueberries last
621999	what do apples and bananas have in them
1012763	which law describes the proportional relationship between the pressure and volume of a gas?
438244	lcr engineer definition
568250	what are the classes of lasers\
31256	average baby head size chart
252739	how long does it take for a bankruptcy to end
412866	is igneous rock porous
1008837	which eapg code to assign
1029263	who invented the toaster oven
335909	how old is mary travers
371043	how to move apps to sd card in lenovo s890
83599	cast of the movie the big chill
50819	benefits of grape juice
752092	what is google authenticator key
672158	what is /cw minecraft commands
643366	what does middle passage refer to
421019	is pink grapefruit healthy
291465	how many oz of water should i be drinking
90176	cgi studios that can create animation
138939	definition of tooling engineer
305387	how much do direct sellers make
699653	what is a sham stimulation group
844324	what is the ribbon symbol in outlook
48434	baked halibut temperature to be cooked
631776	what does an ecologist do
1052110	who sings thriller
935146	when a person is trying to lower their jail sentence
655665	what domain is not having a firewall
618463	what devices can read gigabit wifi
1162504	what does a plant use to survive and grow ?
670333	what illness is caused from eating greasy fattening foods in dogs
682104	what is a dress circle
433879	kaplan university cost
1047820	who plays claudia on grounded for life
166848	does grains contain minerals
513344	terms related to climate
231736	how far is millbrook ny from olivebridge new york
252147	how long does incubation take
201119	hendricks county population
41163	average property tax in hedgesville wv
419559	is nutrish good dog food
218058	how do i find out the scheduled departure time for a small commercial flight leaving ecuador for the galapagos islands tomorrow?
18226	angiosperms annuals definition
980894	where is cypress swamp located
744424	what is epiphany
143839	did emma stone date andrew garfield
1078573	wire gauze function
578516	what basketball team michael jordan own
546742	weather tavira visit to portugal
385475	how to use openssh to run commands remotely
233030	how fast can a borzoi run
654148	what does trial courts deal with
882318	what nurse anesthetist do
582956	what can you use oil for
279756	how many college football teams are in division lll
953981	when men are in moods
57965	cad design of waste water siphon
412317	is hoblinger an english name
156690	do hornets bite do hornets sting
394018	in what county is port huron, michigan
712846	what is an axle bushing
773113	what is mole poblano
125826	define progress payment
127200	define smart grid.
649563	what does the bible say about business partners
917532	what voltage is speaker wire
934406	whats a song example of an recitatives
226235	how does fitbit technology work
607520	what county is hurst tx in
889334	what props should wedding photographer bring
734821	what is cordial
564614	what are sedimentary rocks formed
1066055	why do we smell differently than others
1176965	how much is the toll for the whitestone bridge
949806	when is castle season zodiac sign
984099	where is hanover, md
349261	how to change your youtube account video time limitations
741447	what is dry coffee
886808	what phylum are quillworts in
329525	how much to replace shingles on 26x22 roof
466284	nucleotides are composed of what
640086	what does it cost to install recessed lighting
1180854	how long are nfl seasons
71268	can meloxicam cause stomach upset and make balance poor
1057013	who was tituba
144868	did pursevalley get shut down
660132	what font should i use for superhero
682779	what is a facts/characteristics of speed
287635	how many letters can you type in a tweet
451381	medical weight management program costs tax deductible
791392	what is return status from system() linux call?
15581	all about iq
184110	explanation of the poem i am the tree by dennis brutus
922774	what was the tax revenue for marijuana sales in colorado
780728	what is overstock
695228	what is a pocket duplex
516091	the flying elvis urban dictionary
875056	what makes a parent unfit
153499	distance from brownsville tn to dover tn
282932	how many electrons are there in a mole of aluminum?
129634	define: mental disorder
297053	how many steps in the statue of liberty
616282	what date does apple pay its dividend
78507	can you live on ensure alone
533246	urinary incontinence antimetics symptoms worse
202474	highest paid female singer
886727	what phd should a social worker get
311446	how much does a sim card cost for iphone 5c
672201	what is 10x buffer
543979	weather in december in telluride
332831	how old a person shall be to contribute to ira
82496	carabiner definition
828154	what is the length of time does it takes for a felony to be removed from a record
190593	for how long do we elect the president
791028	what is reserve officer training corps
887576	what point to sum moments about in beam
844227	what is the responsibility of a health care nurse
420554	is pcv the same as polio vaccine?
25562	are there any natural herbs etc.. relaxing effects for muscles
329934	how much vitamin d should i take
906813	what to do when feeling faint
146580	difference between bases and basis
356081	how to do respiratory rate
151920	directv.com customer service number
942049	when did the ottoman empire take over greece
646718	what does rbc's microscopically in the urine mean
715262	what is an infiltrator
702796	what is a tangent direction
656857	what element is a capricorn
344838	how to become a basic masseuse uk
797839	what is soil organisms
665888	what happens if president does not sign bill
871030	what kind of tradition is the social judgment theory
1006203	which bond is best described as an intermolecular attraction due to partial charges formed in polar covalent bonds?
125408	define plan (of action)
802843	what is teflon fabric used for
367932	how to make a race car lighter
729445	what is cgm tech
186150	feeding orphaned baby rabbits
949853	when is chinese new year celebrated
35075	average cost to cut out a kitchen wall
965156	where are chromaffin cells found
966947	where are the turks and grand cayman islands
979514	where is castelnuovo del garda
868064	what kind of feed do you feed show chicks.
519158	the thyroid gland is located quizlet
509014	symptoms of urinary strictures after laser prostate surgery
498274	similarities between developing and developed countries
362240	how to get plastic out of clothes dryer
987449	where is martinsburg ny
942582	when did the word news originate
572484	what are the pointed roofs on castles called
568494	what are the contraindication for patients taking lanoxin?
265753	how long lamotrigine remain in urine
737343	what is dali
1029051	who invented the first ice machine
908918	what township is wilmette, il
591530	what causes sharp knee pain
619688	what did sam shepherd die of?
1180814	how long before flu symptoms appear?
689239	what is a literary element is the hint in a story
39553	average occupational therapist salary Florida
688192	what is a king cake for mardi gras
422978	is saint pius vii a saint
1157996	what is a mourning band
146579	difference between base wage and selling wage
608575	what county is lexington mi
200018	health maintenance meaning
668519	what helps ease withdrawal symptoms
974474	where does the majority of stem growth in a plant occur
1014606	which of the following describes the great (or connecticut) compromise?
751800	what is gonorrhea look like
690709	what is a mercury switch
582676	what can you do with gnocc
328266	how much sugar per day for elderly
26561	arizona diamondbacks food
2532	Collector Postage Stamps Value
36972	average height and weight for girls
357814	how to figure cobra dollars
139607	definition pesky
360434	how to fry salmon sauce
625731	what do two vertical lines up and down for angles stand for
164822	does cod liver oil contain vitamin a
144789	did physical therapy for an impingment in my shoulder but it worked and then after a short time it came back
428902	is there an effective anxiety medicine
437696	larkins wildwood nj menu
788842	what is quadro
520030	thoracic kyphosis definition
1181814	how did the reconstruction finance corporation (rfc) help jump-start the economy?
74767	can tobacco cause cancer
603162	what county is big sky mt
302622	how much biotin for thinning hair
869978	what kind of physiological changes occur when you exercise regularly?
75092	can ulnar nerve cause shoulder pain
870569	what kind of skeleton does a polar bear have
204610	home remedies for summer cough
1169447	the structure in the brain most closely associated with formation of new long term memories is the:
837454	what is the oldest church in ny
794512	what is seafood cioppino
597798	what color is chlorine rock
1018404	which quadrilateral must be a parallelogram
1004988	which airport is closest to the smithsonian
766856	what is looms
31202	average attoreny price for DUI
768190	what is maltodextrin?
573883	what are the state income tax requirements for individuals in colorado
580576	what can I use to get rid of blythe from my tomato plants
1177967	how many weeks pregnant by lmp
810718	what is the check ligament
1026551	who did ron johnson run against
282939	how many electrons can transition metals hold in their second to last shell?
212408	how deep does a sweet potato grow
633610	what does bss stand for
939158	when did jackie kennedy remarry
621872	what do affiliation action mean
533794	us government definition of entertainment
176684	during replication a dna strand with following bases ctaggt will produce a dna strand with bases
163103	does an associates in science allow you to be a doctor
323099	how much is the average for engineewring school
94624	college residency definition
1023710	who are all the gods on poptropica
345440	how to become a supplier private hospitals
702804	what is a tanka
167682	does isopropanol dissolve in water
258747	how long does marijuana stay in blood test
1047473	who played vegetable lasagna in seinfeld
714252	what is an example of an ineffective thesis statement
670071	what if depression is caused by tbi?
151856	directions how to indirect cook a pork loin roast on a charcoal grill
735073	what is corrugated roofing
1011893	which is the adverse effect of haloperidol?
571750	what are the most dangerous tsunamis
801395	what is swag
140431	dehumidifier how long until full
136607	definition of noi for lease
224456	how do you use a combination lock
1021049	which term means pain in a nerve?
162784	does alcohol cause kidney problems
75505	can we append a file in sftp
341623	how tall is yamada sumo wrestler?
470885	ovulation pain and symptoms
516852	the lowest point on earth is the bottom of the mariana trench at a depth
231330	how far is it from lafayette to shreveport
50962	benefits of licorice extract
882065	what notations are commonly used to specify isotopes? what do each of the numbers in these symbols mean?
400080	is a haiku a free verse poem
115380	danze single handle pressure balanced tub/shower installation
161068	do you only earn 4 years college credit
69609	can i send large envelope as first class package
882186	what number is march on the roman calendar
840644	what is the price of fuel at kulgera
881010	what nationality is the name nusser
193508	gastric sleeve requirements
1012149	which is the longest river in pakistan ?
707531	what is acid
179978	eminem lyrics burying ex
857910	what is true of experimental designs that are used in scientific research?
116758	defense health agency phone number
1048356	who plays mirror master in the flash?
61121	calories in watermelon chunks
1149486	what is the purpose of the macconkey agar microbugs
354873	how to determine if a piecewise multivariable function is continuous
91966	chlorine gas inhalation symptoms
744579	what is equity mortgage
888330	what pressure is the eye of the hurricane
302929	how much calories are burnt when dancing
617759	what degree is ribs done
641602	what does it mean when your urine is extra dark
368341	how to make app for android
19998	apparent temperature means a combination of
1575	60x33 is that length x width or width x length
1006584	which category of illegal drugs is commonly associated with heart attacks in its users?
111979	couples massage in baltimore
27656	astala name meaning
222333	how do you get around the airline change fee
757840	what is in a coaxial cable
594167	what cells are involved in hip injury
781807	what is password hashing
423462	is september a fall months
258998	how long does nicotine stay in your saliva
325365	how much money of being a bagger at safeway?
835529	what is the name of the pumping organs in an earthworm
482271	process of loan to close on a home
832453	what is the melting
686356	what is a harringbone formation used for
975684	where in pa is paoli?
605300	what county is dundee mi in
852316	what is the unit of capacitance
346692	how to calculate and file pcori fees
1146105	define careened
839232	what is the phrase for an ink signed document
154238	diverticulitis or ovary pain
216561	how do bonds react to inflation
1032089	who is derek potts
927542	what year was alabama football established
1176200	how old you have to be to work at big lots
918312	what was ferrari spider first made
368605	how to make chocolate spread for bread
360243	how to format locked ipad without itunes
963266	when were feral rabbits introduced to australia
864014	what is xoxoxoxo mean
265894	how long must pharmacy records be kept
386906	how to write email proposal
358733	how to find meid number on a blackberry
241936	how long can fluid in the ears last
414593	is it safe to give dogs low dose aspirin
920014	what was the draft of the titanic
1027809	who found plymouth
959357	when was pepsodent first created
690818	what is a method in swift?
124628	define nutriment used by deci and ryan
318438	how much does the average anesthesiologist make?
1006101	which blood type is most affected by mono
636493	what does each body paragraph begin with
921286	what was the main issue being fought in the civil war
1010926	which instruments could make up the basso continuo?
676224	what is a cantonment style hospital
755814	what is hp audio switch how to turn off
534675	uses for vinegar
444922	malta is near what country
350439	how to clean an awning on a house
393870	in what continent is egypt in
268967	how long to cook  frozen cod of costco
601180	what corticosteroid is used for anemia
1038371	who is sheila.jackson lee
385737	how to use the remote for Harmony 350
781720	what is partition by in ax
155799	do cooking oils contain trans fat
362997	how to get through the observatory
888402	what primary cell type constitutes the mucosa of the larger airways
1179023	how many false ribs are on each side quizlet
730875	what is citrix receiver
1017365	which phones app was founded by an african
362250	how to get prednisone withdrawal side effects from the last half pill out of your system
521495	time zone in ireland
35641	average costs of owning a home
1142933	when do weekly transcripts update
670082	what if fluent api
945995	when does bank of austria close account after death
177108	e39 523i se running cost
425906	is the caspian sea a lake
577464	what area of the stomach does the bolus of food first enter?
612156	what county is round rock, tx in
511335	telephone number for cicoa in indianapolis, in
909680	what two chemicals make oxygen
774396	what is muscle action
30894	average amount of water used per house hold
943364	when do a child begin cultural learning
825644	what is the impeachment penalty limit
307739	how much do unit clerks make in a hospital
890991	what relationship does the temperature have with balmer lines?
109774	cost to install concrete block wall-2016 cost calculator
808558	what is the best synonym for synchronized
852480	what is the us conversion of sek
971392	where do pigeons live in the wild
339065	how soon after birth bowel sounds should be heard?
361515	how to get excel fraction to lowest denominator
999640	where is volcano ca
1158291	what is a gpu on a pc
394710	in which metacarpal does a boxer's fracture occur?
430828	is viabahn stent drug eluting
1154720	what is household waste
112284	crane federal credit union and phone number
556900	what are complement
283596	how many feet of loop per ton geothermal
350564	how to clean greasy kitchen drain
971668	where do the brooklyn nets
991058	where is provident welworth society
185832	fda ran by who
133011	definition of bydureon
520453	tia meaning
1069236	why is a simile used
247877	how long do you grill corn on the cob not in husk
430436	is university of indiana in lafayette
734693	what is coordinated care plan
455628	money converter euro to pounds sterling
985683	where is kearny nj
840388	what is the prediction of server sale growth
26463	argentina's flag meaning
391528	if i have a 401k can i contribute to an roth ira
718363	what is another name for weasel
144913	did richard taylor's slaves offer him money after the civil war
1169519	the most common symptom of esophageal disease is
366725	how to level a weight scale
10818	active exhalation respiratory definition
1035961	who is mcgregor fighting
956781	when was audi created
202338	highest mountain in quebec
436198	largest city in the northern hemisphere
903771	what the temperature danger zone fahrenheit
1036058	who is michael kors?
60077	calories in chia banana boost smoothie
1021669	which type of band apple watch
39548	average occupancy cost by retail category
359025	how to find proxy setting on my pc
294665	how many roofing nails in a pound
885410	what parts do the immune system consist of
1030099	who is annette boykins
998785	where is tooth 20 location
999401	where is valleyfield
1065022	why do men wear watches
108303	cost per round bail
705944	what is a watchman procedure
469374	operations excellence definition
608499	what county is leesburg fl
53934	biologically active definition
833938	what is the most prominent feature of the current texas constitution?
306313	how much do medical assistants make in pa
249499	how long does a green tree snake live
996861	where is the new york strip roast located
791010	what is research direction
352524	how to cook kentucky wonder pole beans
940131	when did ohio come to be
87512	causes of muscle cramps in thighs
130537	definition difference math
1175517	in an elastic collision, objects
174684	dolor meaning
455998	mood swing definition
527871	types of gait disturbances
64422	can antihistamines relieve arthritis pain
933733	what's the weather like in atami?
797695	what is sodium glutamate
655823	what dress do they were as a bride in india
995254	where is the deepest part of the ocean
289001	how many miles is tesla good for
250043	how long does a residential appraisal take
1050942	who sings don't steal my sunshine
920874	what was the highest iq score ever recorded
857608	what is tricuspid valve atresia
621153	what disease killed thousands of native americans and helped cortes defeat the aztec?
238939	how long after exercising should you test glucose levels
578043	what awards did lala land get
292250	how many people died in ww2 chart
865452	what it means to defrag a game
359774	how to fix a slow computer on windows 8
386092	how to wash a trivet mat
134750	definition of fluor
1001691	where to measure your waist
265196	how long is the recovery for a meniscus tear
740753	what is dolce vita
443807	lyme flare up symptoms
367298	how to make a baby fall asleep
878135	what mileage is good
409273	is ellen a rerun friday april 22 2016?
378728	how to see who views your facebook profile for free
760263	what is investable market cap
175915	driveway tarmac cost
838860	what is the penalty of treason in the united states
577940	what augmentin is used for
541845	waterfalls in oregon gorge
477387	population of calexico
897282	what star does the north celestial pole of the earth point directly towards
674564	what is a best estimate of a finished area within a house?
932157	what's the largest city in the world?
1022792	which vitamins should be limited during pregnancy
605197	what county is double horn creek spicewood in
557991	what are ducks natural predators
347053	how to calculate inbound transportation cost to amazon
744628	what is eric trumps iq
421151	is poet ethanol privately held?
401248	is a warrant the same thing as a court order
102123	cost of a rheem air conditioner
880728	what nationality is kuykendall
15744	allergy symptoms in children
1060155	why are amino acids important for dogs
816405	what is the difference between a guarantee y in a guarantee your
78666	can you measure adh levels
71314	can mercury rust
40811	average price of gas in san diego 2015
12255	aerugo definition
824560	what is the height of a major league pitching mound
1149254	what is the scientific name for terrestrial algae
752155	what is google photo on your iphone
501609	spiritual meaning of the name june
164049	does bug spray prevent ticks
296230	how many sq ft does a gallon of paint cover?
535841	vasodilator meaning
1174640	itil foundation certification price
765522	what is lexus visibility technology
554778	what are alloys and why are they widely used
491453	salary for Registerd nurse long term care in arkansas
148215	difference between particles and molecules
659290	what fat is made through the process of hydrogenation
721675	what is axonal polynevropothy
1081764	yttrium price per gram
342687	how to add an attachment to email on wix website
990530	where is phytophthora infestans found
44806	average temp of yellowstone
298449	how many times has blake shelton been married
855227	what is the zip code for the walapais in kingman az
1032032	who is defense security cooperation agency
951055	when is mariano rivera eligible for hof
986430	where is lee canyon nevada
613054	what county is springtown, tx
297493	how many super bowls has peyton manning
948928	when hail comes
459188	most ridiculous diet ever
966449	where are the catacombs osrs
109530	cost to gut a house
36021	average digital marketing pricing
518413	the process by which money enters into circulation is _____.
97136	connecting to another computer remotely
306100	how much do jobs at piper aircraft pay
223642	how do you record pledges receivable in quickbooks online?
462914	nc state employee cu routing number
39728	average pay for a contract translator
1066062	why do we use a hypothetical with the universal quantifier
109540	cost to have a baby at a midwife
743831	what is endodontics dentistry
248111	how long do you have to go to school to be a nurse practitioner
979693	where is chai tea from
371630	how to open windows
990199	where is pasco wa
1063326	why did the colonists decide to declare war on great britain
32321	average cost for hearing aids
177049	dyson am05 how to make cool?
958901	when was midnight rider released
979189	where is cambridge theatre london
965049	where are bowfin fish found
767956	what is mailguard
711838	what is an antegrade nephroureteral stent
986825	where is long beach new york
161921	does a bowel obstruction cause blood in stool
173366	does trifexis make ticks leave dogs
186923	financial advisor age average
751509	what is glyceryl stearate
84047	cause and effect for tattoo machines
787166	what is progel food color used for
1145528	what to do if you lose your voice
402183	is amazon prime membership free
41042	average price to fix brakes on a van
199234	haunches meaning
877088	what mechanism moves food through the gastrointestinal tract
180962	enzymatic digestion is through which organ
447556	meaning of custos
539896	was doc holiday a doctor
779974	what is optimum temperature for electronic
173873	does vocational rehabilitation work
1147343	what mark of punctuation is most closely associated with interjections? a. period b. quotation marks c. comma d. exclamation point
647808	what does shadow puppetry mean
141731	describe the analog method
39880	average pay for library assistant
477934	population of mesa county, co
1138744	who is cardi lavigne
682455	what is a ecosystem example
540228	was jet set radio made by sonic team
6494	Transverse is a term that refers to
550677	what age do chameleons become fully grown
894530	what side is your appendix on
372713	how to play sin city
990900	where is potholes reservoir
332039	how often is it recommended for senior women to get a mammogram
471690	paraprofessional salary chicago
708405	what is adrenal
1004431	where westworld was filmed
522546	top 10 reasons people shouldn't own exotic animals
1182950	gdpr data subject definition
459858	mountains create what kind of zone in mexico
666583	what happens to ira after death without beneficiary designation
453245	mgm grand concert venue seating plan
412100	is hemp illegal in virginia
585200	what causes adrenal disease
430890	is vinegar rinse good for hair
816725	what is the difference between a transverse wave and a longitude wave
971022	where do i send damaged money
552207	what airline has the largest destinations
1050263	who sang the song love you to the moon and back
856079	what is timber
449151	meaning of seal
924558	what what sushi ingredient is made of fermented soybeans?
198574	haritha name meaning
484366	quaff legal definition
616320	what date is labor day?
879658	what muscle does jump roping work
720922	what is audio video
792294	what is roof shingles made of
895484	what size is m2
1040728	who is the largest producer of marijuana
1065887	why do waters become anoxic in a dead zone?
379827	how to set version history in sharepoint
612518	what county is sealy tx in
558084	what are economic characteristics of a school district
762408	what is john locke definition of liberty
874327	what local des moines channel is nbc
1009708	which food for hair growth
409661	is etoll open today
993415	where is st kitts and nevis located longitude
150477	different types of gmo
320711	how much is a bottle of bollinger
804941	what is the annual salary of a radiographer
342314	how to Pair the FlatWave with a streaming device
58558	calculate the required braking distance
35726	average crna program cost
100063	cortana what island is pearl harbor on
734772	what is copy a
190330	foods to help with diarrhea
732160	what is colleagues
1040838	who is the leader of the republican party
261106	how long for kidney stone to pass
774301	what is multiple cushion seat
708375	what is adobe shockwave player used for
156382	do freshly picked cherries need to be refrigerated
821248	what is the fermentation process
635092	what does copula mean
565342	what are some effective communication techniques?
18828	another name for plastic surgery
1000214	where is winchendon mass
429251	is there radon in ottawa
538856	waiting with bated breath meaning
536986	view definition sql
311443	how much does a silent deed cost
914462	what type of saw for woodworking
310091	how much does a leisure bay spa g-2 series cost
349620	how to check messages in messenger on facebook from non-friends
1170909	saw palmetto side effects in women
447951	meaning of hfe in transistors
883742	what organs if injured would cause chemical peritonitis
1009561	which figure could be used as a tessellation?
46719	average wage in cabo san lucas
791634	what is rhombi
536004	vegetable culinary institute
672775	what is Jared Diamond's race without color about
625973	what do white feathers symbolize
35328	average cost to paint cabinets
1160625	what does shape up or ship out mean
37767	average income in the us per person
668041	what has happened in Monroe, NC
468066	offset irs phone number
689781	what is a magnet keeper
64527	can anyone take an early ira withdrawal
1029214	who invented the snowmobile
451211	medical examiner definition homicide
114093	current statistics on money spent on dieting
36662	average gas per km price in vancouver in 2015
123566	define machiavellianism
239050	how long after i eat should i wait to workout
574818	what are the three steps in childbirth
1147830	what kind of batteries do you add water too
275551	how many books has isaac asimov written
430598	is vaginal premarin safe while breastfeeding
769322	what is mch and mcv in blood work
9005	___________ can be used by cells to store energy, form biological membranes, and serve as chemical messengers.
161090	do you pay nic on pension income
494651	self sponsored definition
1182491	heparin-induced thrombocytopenia risk
1045422	who owns jtv
299602	how many watts does a refrigerator use
154061	distance to nearest star
447283	meaning of autism
24982	are snakeheads from the jungle
691229	what is a mitigation claim to prevent death penalty
508545	symptoms of raynaud's disease
759431	what is inside mecca tomb
920969	what was the importance of oil to the industrial revolution?
1050329	who sang tomorrow never dies
807257	what is the average steps a human takes in a day?
918282	what was empress theodora's role during the iconoclastic controversy?
920968	what was the importance of marbury v. madison
292773	how many people make up a committee
703371	what is a thimble
1145041	what type of home does a short nosed echidna live in for protection
901318	what temp to cook thin pork chop slices
184151	export ban effect on jones act vesels
339129	how soon after exposure to test for canine heartworm
478300	population of tolland ct
952936	when is the international nurses day
234397	how fast is usps-pr
722334	what is barboach
1060680	why are metals malleable and ionic compounds are not
634160	what does celsius equal to fahrenheit
709048	what is aircraft limitation ins
31307	average bartender salary wa
503432	stcc car registration
1002282	where was dr. jeff sutherland born
746002	what is f/f denture
775100	what is nair used for
544910	weather in los angeles, california fahrenheit
351700	how to convert folder structure to metadata
852251	what is the underlying mechanism of disease in multiple sclerosis
1032247	who is don juan de onate
101223	cost for monthly bus tickets
695462	what is a popular culture text
680842	what is a denote
701086	what is a spotted horses called
568152	what are the characteristics of scientific research
87931	causes of plasma cells in penile urethra
810342	what is the cause of pain behind my left ear?
763407	what is kimo in hawaiian
889887	what qualifies as neglect in child custody louisiana
426617	is the kardashian show cancelled
139616	definition photosensitive
804862	what is the android app briefing
309641	how much does a garage door removal cost
114096	current stock price att
1019676	which state has the nickname cornhusker state
691821	what is a multinational study
907579	what to feed dam after giving birth
11722	admission definition
1020349	which states to legalize marijuana next
816345	what is the difference between a element and a compound?
324422	how much money did us pay for global climate pact
5311	Noel Shuldham-Shaw was born in 1917
12264	aesthetic listening definition
136302	definition of miracast
644967	what does outflux mean
29816	australian dollar forecast to usd
849333	what is the survival rate for ovarian cancer
733497	what is considered a skilled service for medicare a coverage in a skilled nursing facility
323969	how much luggage can you take on a plane from us to canada in air canada
238338	how late can pregnant women fly
66074	can corticosteroids cause hyperglycemia
144640	did nato cause the berlin airlift
413995	is it morally wrong to sleep with a prostitute
709680	what is allspice
411612	is grey hulk a hero
761121	what is it called when a catheter is placed through an incision into the pelvic wall
1059743	whom does the persian church consider as their first head
1061967	why cover plants during winter
749533	what is functional service provider
382248	how to take map sensor off 05 colorado
45520	average temperature lake tahoe august
1024396	who are the proletariat? who are the bourgeoisie
374338	how to put in heart rook earring
641238	what does it mean when urine is orange
1016296	which of these wars was england involved in during the middle ages
297311	how many students attend nsu
565723	what are some physical properties of halogens
151907	directv cancellation fee calculation
723561	what is best type of pressure tank for a well
919115	what was provided by the social security act
1176445	how old is alice merton
195251	global warming backpack
469673	orange is the new black cast diane
878540	what molecule is two glycine
761334	what is it called when they take blood
458154	most important question to ask potential employee
63828	can allergies cause blisters
282616	how many dr who seasons are there
309244	how much does a dentist make annually
824393	what is the head executive of a state called
871829	what lakes rivers and mountains are in the area of greece
83855	catalan number binary tree
1075316	why was slavery needed
455397	modifier 99 definition
1173818	maximum distance between ada handrail on a ramp
925404	what would cause no pulse in your legs
216982	how do film festivals work
147598	difference between immersion reading and audible
786773	what is prion
818734	what is the difference between wheat and flour?
927370	what year does stranger things take place in
364557	how to identify scale of a song
167643	does iqor has a international salary
729646	what is charleston sc state tax
1182091	how accurate is a breathalyzer
212230	how creativity affect child education
1052785	who sung the song keep on rockin me baby
447641	meaning of dna
47876	awg catalog number
880044	what muscles does the plank work
717340	what is an sln number in pharmacy
877886	what metals make up bronze
513789	thank you for everything french
391019	identify how the constitutional convention decided that the president would be chosen
289843	how many moles of ammonium ions and how many moles of sulfate ions are contained in 0.400 mole sample of (nh4)SO4
963184	when we say that jovian planets contain significant amounts of hydrogen compounds, we mean all the following chemicals except
502773	starting pay for lineman at aep
971951	where do usc students live
339948	how soon to arrive at airport
173622	does uw-parkside offer full athletic scholarships for women's basketball
337280	how old to you have to be to rent a car
115504	data management technology definition
545964	weather in shreveport bossier
863292	what is wlan technology
108582	cost recording deed of trust colorado
817558	what is the difference between garbanzo beans and chickpeas
584766	what causes a perforated bowel?
839904	what is the population of guam
453142	metric measurement replacing the acre crossword
917209	what vitamins are in shrimp
501045	special causes of loss coverage
219517	how do i use the battery save on my computer
656788	what electric plugs do they have in spain?
288810	how many miles does earth's atmosphere go
25207	are survivor benefits taxable income
705128	what is a vanilla halva
566302	what are stockton beds used for
848920	what is the structure of covalent bonds
919476	what was the argument in miranda v arizona
1071040	why is kcl a strong electrolyte
751138	what is glass fiber reinforced plastic
708831	what is agenesis
1067334	why does my 686 cylinder bind when opening
249008	how long does a business need to keep taxes on file
398043	iphone 5s how much at walmart in straight talk
319190	how much dose it cost to cancel a cheque
888525	what problems did fledgling united states face in the critical period
837752	what is the optimal ph of pepsin
892258	what salts are insoluble
778381	what is nurse fnp
596018	what city is los altos in ca
846723	what is the significance of the battle of tannenberg
224363	how do you transfer data from one excel worksheet to another
364429	how to hook up a dvd player to samsung 6400 smart tv
311135	how much does a quality technician make
703904	what is a traction spur pelvis
587948	what causes fire to burn downhill
40292	average phlebotomy salary in plattsburgh
267936	how long to amacoil uhing devices last
529994	types of substation projects
777432	what is normal bpm for women
963568	when will apple park open to visitor
1071111	why is lego so expensive
857748	what is triton
433421	josh hartnett net worth 2016
232999	how fast can a alligator swim
895279	what size inverter to run a fridge
470954	oxford shoulder score
1157176	what is acs designation
622645	what do cooked beets taste like
487489	renaissance fair schedule in georgia
793129	what is sakarya
373312	how to prevent floods
535998	vegeta brother
1151132	what is the distance between charlotte and conway
1161987	what does cost avoidance mean
770639	what is medication norvasc prescribed for ?
1181864	arthur what was muppy
379339	how to set path for java using cmd
513533	testing capacitor on a running ac unit
738818	what is designated hitter
423591	is shark blood oily and flammable
351027	how to color match in word
999032	where is ts10
1019146	which side are military ribbons worn
211283	how can you lose your cna license
535754	variety greeting cards
759883	what is intermittent leave of absence
1013055	which literary technique would a writer employ to portray traits of a character who is influenced by the region in which he or she lives?
424571	is standing on toes a symptom of any disease
904355	what time does ELO come on stage leeds arena
273756	how long will pregnancy test show positive
205822	hot water level indicator
820219	what is the employer name
795195	what is sequence current value of sql
1060291	why are christian holidays on pagan holidays
831848	what is the meaning of the word diakonia
63995	can amiodarone cause acne
837992	what is the origin of the last name fleming
502303	standard body temperature in celsius
303800	how much commission can you make on sakles distribution online sales
1026287	who developed the tiny solid model of an atom
275145	how many baby boomers retire every day
789748	what is rdw in blood test
1159938	what does turnabout is fair play mean?
780618	what is out of pocket cost
947348	when does pisgah ms. start school
944342	when do muskies spawn canada
770700	what is mediterranean disease
264617	how long is thawed breastmilk good in the fridge
103008	cost of buying an ReMax Franchise
192487	function of reticular layer of dermis
296137	how many species of the human animal are there
341451	how tall is the edge of the great wall
500673	sound is to echo as light is to
899565	what subject is studied in forestry
588487	what causes head scabs
944309	when do monarch butterflies arrive in mexico
783878	what is pii under gdpr
523974	translation english to mandarin
1150322	what is the meaning of net worth statement
435475	lamborgjni symbol
293436	how many players score of rebound of penalty kick
464799	no of taxpayers pending in india
154288	dividends received deduction for individuals
748932	what is fractionation technique
1144717	what was bread and circus in rome
523928	translate what is your name to japanese.
70149	can i vote for dwts without an abc account
564143	what are regulatory reporting requirements
806445	what is the average length of a career for a police chief
965699	where are lymph nodes located
152950	distance allenwinden switzerland to zug switzerland
179835	ely nv population
278446	how many carbs do doritos have
1015078	which of the following is an example of a natural site condition
474750	phone number for the governor of pa
589977	what causes muscle pain after working out
536979	vietnamese pronunciation name lian
790901	what is required to be a  insurance broker
147291	difference between fine arts and arts
1162731	what do you think about cleverbot?
868034	what kind of fabric is terry
475785	plant based diet for prevention of diabetes
390834	iceland what is the climate
445030	mandali telugu meaning in english
723226	what is beneficiary deed
794159	what is school discipline
699554	what is a service fee-deferred payment
59015	caliries in a tuna salad
826160	what is the interest per year of savings bonds
708869	what is aggregate supply planning
135056	definition of guttersnipe
930907	what's specialized job training
998473	where is the yellow disk
345458	how to become a thoracic surgery
988004	where is miss texas 2015 from
952295	when is the best time to go on safari
446774	mcreator how to make custom armor
22206	are egg beaters good for you
292216	how many people died in the homestead strike
981993	where is edna gail gutierrez employed
359028	how to find puk number for sim card
453365	michelob is in what country origin
80064	can you take hydrochlorothiazide after bariatric sleeve surgery
1077561	will intel i3 run nba 2k16
497204	show how to draft pattern for raglan sleeve
518956	the structure in the center of the animal cell that pinches the cell in half is called the
309811	how much does a health unit coordinator make
284193	how many gallons of water is needed to flush a toilet
422405	is renzetti an italian name
921442	what was the most important form of literature during the golden age of greece
35970	average dental premiums
819411	what is the dosage for cymbalta
100670	cost estimator for pre natal visits
1140294	which acute radiation syndrome requires the largest exposure before any effects become apparent
284522	how many gold medals did gabby win
481301	price to install granite countertops
36095	average donation level for each income range
345692	how to become dialysis va contractor
860224	what is value of Harmony H22 bass
444430	magnification meaning
163352	does apple compressor 4 create blu ray menu
792240	what is rom easy explanation
165787	does eap fall under cobra
8519	Why were the Umayyads able to build so many monuments and libraries in Crdoba?
521012	time in cedar hill tx
129777	define: stymied
803150	what is tension in the rock cycle
1057748	who won best director oscar
146767	difference between china festival and others for kids
954522	when should i get a tetanus shot
273365	how long will bbq pork last in the fridge
88406	causes of sore throat that won't go away
1017633	which point is included in the american association of political consultants code of ethics?
1157796	what is a positive result for baeyer test
264979	how long is the hspt
833806	what is the most notable characteristic of infectious mononucleosis
937821	when did christian band petra start making records?
265859	how long must an employee maintain cdl records
682808	what is a fakir
463707	neurovegetative symptoms of depression
1167550	weather in shetland islands in
598882	what colors do tulips come in
316858	how much does it cost to screen in a patio
968715	where did golf originate
48016	b cells are originally derived from cells of the
1082165	zuko as the avatar fanfiction
873019	what layers contain what parts
473744	perisylvian region definition
894515	what side is the liver on
24829	are seal lions a protected species
768447	what is marcasite
1039116	who is the actor that played the blues singer on family ties
251181	how long does chinese food last in the freezer
316810	how much does it cost to run a commercial during the super bowl
898104	what state is.the.size of the.big island of hawaii
266193	how long should  a hospital keep patient payment transmittals
950354	when is flash and arrow coming back
980786	where is crystal city
778672	what is objective?
306190	how much do leasing consultants make
1172870	musophobia definition
395366	indian name for blue
656024	what drugs are typically prescribed for uti
936547	when can railroad commission inspect you
1168257	water facility plant in baltimore covered in spider webs
325301	how much money is it if you sell a ps3 and 18 games
1026294	who developed vaccines in the industrial age
6915	What are the symptoms of Lyme disease
714361	what is an example of questionnaires
953029	when is the lilly pulitzer warehouse sale
702303	what is a supreme court justice mean
92799	city of federal way salary schedule
573229	what are the roles and responsibilities of laboratory technician?
886239	what percentage of meat is organic
292627	how many people in the us starve to death
431829	is your account number on your debit card
271815	how long to rebuild muscle
14606	aging care is income
129666	define: opine
326185	how much pizza pie cafe
1038561	who is solo lucci
22723	are granulocytes neutrophils
895193	what size fabric do i need for head wrap
562559	what are occluded sinus
705530	what is a violino
318655	how much does the jg pz e 100 weigh
569810	what are the five physiological charactaristics of all muscle tissue
14685	ahi tuna sliders calories
834281	what is the naic group code used for
635289	what does crt stand for in education test
939881	when did montgomery ward announce its closing
264211	how long is officer training school
11490	address for davidson fine arts school in augusta ga
963856	when will manziel get signed
281296	how many days for password recovery to work
46892	average water temperature in gulf of mexico in november
820850	what is the family/group number for carbon?
937292	when did apple go ipo public
953903	when it's time to renew your by-laws
508309	symptoms of obstruction
17126	amount of caffeine in death wish coffee
1074513	why use bright magnetic on shaded pole motors
877682	what meds are used to reduce enlarged prostate
1022456	which us region produces uranium
1152176	what is the average amount of yearly gifts to church on itemized deductions
297084	how many steps should elderly take a day
578742	what benefit does tanf include
646947	what does research indicate about the relationship between carbon dioxide levels and global temperature?quizlet
102516	cost of architect
210038	how can anyone want to be a midwife
154727	do a quick deed title transfer without a lawyer
850779	what is the term used to describe the bulbs located at the end of the axon
997191	where is the pittock mansion
168507	does lsu do tooth extractions
316307	how much does it cost to preserve a cat
337624	how old was rose dawson when she died
628084	what does a Prius title look like
513364	terraria how to make the goblin army summon item
187193	finish opt how to get a work cida
455502	molecule definition quizlet
171080	does russell wilson havd kids
409263	is eliquis blood thinner
996037	where is the house falling water located
13519	age of consent    in tijuana
116235	decibels definition psychology
201348	herbs to reverse glaucoma
624612	what do red tailed hawks eat
886841	what phylum includes the ascaris and the pinworm?
1154544	what is indirect cost recovery?
461139	name 3 types of cells in a leaf in which photosynthesis takes place
602694	what county is aurora, ia in
740928	what is donnelly zip code
1056391	who was the greek philosopher that explain how each
933461	what's the weather in august in newport ri
58105	caffeine is what?
265925	how long must you wait between platelet donations
1061095	why are squats so hard
1149395	what is the rising action of sorry wrong number
552159	what ailment causes eyebrow hair loss
273610	how long will it take to drive from calais to alicante
86689	causes of headaches after eating
140862	democratic leader who said they wished the senator would have died
414095	is it normal on 13 weeks pregnant to feel sharpe pains at the bottom of your belly
53803	binary system definition
687520	what is a incentive training
4204	How to Post to Instagram from iPhone
328852	how much to charge a person for pulling weeds landscaping prices
60748	calories in pint of butter pecan ice cream
307144	how much do registered nurses make in dallas texas
147516	difference between hay and straw bedding
424210	is sonya curry white
47341	average weight of a female giraffe
829457	what is the main idea of the story war horse
1184097	doses of invega
1079381	words that mean the same thing as curious
837435	what is the oldest anyone has ever lived
488625	retail what is the starting salary
492107	salary of research associate in harvard
945086	when do you children start walking
178844	effects of obesity children
674670	what is a bilateral pars interarticularis defect
400177	is a juice cleanse healthy
529544	types of resistance to physical force to an aggressor
738992	what is dexamethasone used for?
749427	what is full time work hours
899635	what substance is responsible for the normal yellow color of urine
500121	solar energy cost per kwh 2016
448547	meaning of name keith
328213	how much sugar in lime a rita
1031486	who is cmd
331181	how nfl divisions were determined
665900	what happens if somebody pulled your leg
1021206	which text in the passage suggests that it is a primary source?
199432	hazmat units definition
105220	cost of living fenwick island
595290	what chemicals are in green treated lumber
909302	what trigger points cause pain in lower abdomen
131455	definition narcissistic behavior
1055957	who was the first european to discover the colorado river
275742	how many bugatti veyrons have been made
423581	is shani killed by beer bhadra
675533	what is a bricklayer's helper called
669588	what hot keys decease screen size
562467	what are north carolina's marijuana laws
1155191	what is feha
1019030	which sentence is an example of an argumentative claim?
459261	most scenic area of san francisco
533252	urinary symptoms of pyelonephritis
455067	mitosis how many cells are produced
419373	is non oem ink good
343601	how to apply for a SSN
878668	what month do cherries ripen
590318	what causes numbness on your right side
480633	price of electricity in virginia
72567	can postural drainage and percussion treat atelectasis
196601	grape eating greek painting
1184433	disease status is cri
134137	definition of dual citizenship
921003	what was the incan homes made out of?
173897	does waardenburg syndrome affect gender identity
938905	when did hipaa go into effect
167550	does instagram cost anything
577271	what area code is 226 in canada
724001	what is binding every third eye
752932	what is grub rescue
197798	gyms for overweight women long island, ny
63282	can a stored procedure return a table parameter?
338178	how quality is defined in meshing
338677	how serious are hemorrhoids
164358	does cat 6 cable need to be in conduit
337065	how old should a baby be for a forward facing car seat
164113	does ca tax earnings in hsa
787703	what is proton cancer therapy
1163853	what county is in ashland, ohio
485875	rec centre margaret river cafe menu
399572	is a central bank necessary
760192	what is inulin fiber
29394	atrocity meaning
328657	how much time should i leave between interviews?
457194	most conservative state in the us
416462	is linen easily combustible
1143340	when did bronte published jane eyre
448524	meaning of name japhia
655403	what does you credit score for FHA
263022	how long is a western union money order good
38815	average median income for an rn in tennessee
808215	what is the best diet to get rid of neck fat
366944	how to lock down a filter condition
800632	what is subscriber acquisition cost
414878	is iv decadron used for asthma
895063	what size ceiling fan for room size
990710	where is plymouth michigan
1027043	who discovered the law of conservation of energy
153284	distance between san diego and new orleans
342020	how the marcellus shale formed
533055	ups routing number
939908	when did mount kilauea erupt
237418	how is stride length measured
178752	effects of inhibiting dopamine uptake on the body
480160	price fences
594759	what channel is the red wings game on today
305624	how much do ferrari's cost
544872	weather in lo
906388	what to do for neuropathy swelling in legs
515179	the definition of coriolis effect
446862	mean wage definition
526189	types of abiotic diseases
184562	facebook how to share to someone's timeline
656983	what elements are present in water
1161563	what does housing project mean
109076	cost to build home in indiana
684615	what is a genoe
511422	telephone number to the nba
517524	the most common blood type is
242403	how long can poison oak spread
1047860	who plays dawn in nicky ricky dicky and dawn
664988	what happened in 1858 international
472154	patellar tendon partial tear symptoms
840649	what is the price of hogs today
842483	what is the purpose of ipconfig/flushdns
515447	the difference between an epidural and a spinal tap
921314	what was the main purpose of the war powers act quizlet
52785	biggest alligator in the world
1041298	who is the owner of jasper white's summer shack
607885	what county is kansas city mo
887508	what players can play vlc files
685470	what is a good sleep helping food to eat before bedtime?
31994	average conveyancing cost for 395k property
934441	whats causes kidney infections
70139	can i use xlsb format with macro
654451	what does undergraduate permission only mean
285714	how many hours are in a bachelor's degree
794359	what is screed
978347	where is bluetooth on pc
439687	liberty naic number
270730	how long to get food poisoning after eating
895948	what sizes does marmite come in
292412	how many people graduate college per year usa
380814	how to stage a peaceful protest
1146531	what regulation b and equal credit opportunity act protects
131918	definition of a wind farm
441157	list of what to eat on a low carb diet
87008	causes of inflation of dollars
682466	what is a edge trim
983173	where is gallium found
215757	how did truman contain communism
760960	what is iso program install
821682	what is the flipp app
663531	what genre is frankenstein
854121	what is the weight limit on a closetmaid superslide shelf
617136	what days can you bring a friend to six flags?
568681	what are the dazzlings names
684261	what is a g drive?
849034	what is the study of logic called?
64635	can astigmatism cause shaking
866277	what kind of animals live inthe sand dunes
466251	nuclear define
553822	what animals have a split hoof and were said to be unclean?
1011621	which is higher in an endothermic reaction: the potential energy of the reactants or the potential energy of the products
1056203	who was the first state to enact a bottle deposit law?
232473	how far is the international space station
437410	largest supermassive black hole
893034	what seems to be the key (although not the rule) to upward social mobility?
753058	what is guard force organization
461898	name pests or diseases that affect vegtables
654124	what does treadwear mean
686140	what is a gypsy moth
1044783	who needs to have a bls
131781	definition of a pompous a**.
9766	abbreviation sis definition in odp
439954	ligation of saphenous vein cost
200293	heart problems when blood pressure is normal
857585	what is tricare reserve select
13129	age hugh grant wife
183767	explain sequence in adobe premeire
52053	best sources of vitamin b6
71329	can metformin affect your menstruation
706756	what is a zirconia flap disc for
923377	what way does a euglena move
882315	what numbers should your creatine be ?
504411	strip mining and subsurface mining similarities
770517	what is medical terminology
281259	how many days doesit take 10 mg of prozac to start to work
706063	what is a wealth management advisor
485553	reach college definition
925747	what wrong medically when your toenails turn black
115960	de medicaid phone number
781441	what is paranasal sinuses
986869	where is lorena bobbitt now
686122	what is a gusset mechanics
1165165	what breed of chickens are broody
991987	where is russian petroleum found
924755	what will reopen where astroworld use to be
919861	what was the constitutional act of quebec
899721	what sugar does seman contan
1142731	when is holi this year
296728	how many state reps does each state have
1178141	how many sunny days per year in boise, id
864796	what is zendaya nationality
1183425	fermentation occurs when there is a lack of what
18863	another name for spiritual outing
4146	How to Check SSC Result
1138936	who handles dodge leases
976856	where is ancient tikal
1061520	why both side of stomach hurts pregnant
50251	benefits of a weaker dollar
381060	how to start application in Admin mode from command line
515520	the difference between isopropyl alcohol and denatured alcohol
578710	what behavioral studies, what are examples of normal distribution?>
81056	can you wear clothes on a nudist beach
665276	what happened to the 3 guys after the builbing collapsed in didcot
1157345	what is a troll ?
741256	what is drama
310340	how much does a medical office administrator make an hour
743081	what is elastomeric coating for deck
808832	what is the best way to store garden cucumbers in the refrigerator?
356192	how to do up styles to tie up my hair
262311	how long is a fiscal quarter
933854	what's the weather like tomorrow in brampton
214441	how did raphael die
988483	where is msvcr110.dll located
656647	what effect does malnutrition have on teeth
588900	what causes indigestion and gas
681379	what is a direct deposit
457197	most consistent dividend paying stocks
521864	tito burrito summit phone number
531104	typical weather for barcelona spain in march
326755	how much protein should you eat per meal
839467	what is the plural noun for table
255388	how long does it take to bbq chicken kabobs
45688	average temperature yellowstone april
269852	how long to cook lasagna and what temperature
518896	the spinal nerve splits into how many branches
687810	what is a jfg file
646401	what does psychological mean
372213	how to pay off a credit card and help credit score
942059	when did the panama invasion occur?
639071	what does hop toi mean in chinese
179809	elvis presley if i could dream
922808	what was the theme song of the civil rights movement
605634	what county is elmore city, ok
1152494	what is stp in ideal gas law
1029813	who is alex in earth to echo
476671	polymerase chain reaction definition biology
532616	university of illinois at urbana-champaign gpa average
48736	baphomet meaning
869585	what kind of name is emelina
790657	what is removable electronic storage
745062	what is etched glass
930533	what's in optum ology
1023051	which way does hardwood floor expand on stairs
1046216	who pays for the mortgage tax in new york
1010693	which hospital does pet-scan in nj
255906	how long does it take to close gaps with lingual braces
442706	longest running tv character in history
342778	how to add dates and hours in excel
1038408	who is showing the hero at the movie theatres
351525	how to construct polished concrete floor
193654	geek squad estimates
410461	is formaldehyde found naturally in the human body
919902	what was the dad's name in the brady bunch
488422	responsibilities of social services with child abuse
198169	halogen family is in what group
81167	can your eyes be affected after stent in the heart
944155	when do infants prefer salty taste
808562	what is the best tasting sourdough starter
246225	how long do octopuses live
910036	what type is hardware
699566	what is a service warranty in georgia
209527	how big is uranus compared to the sun
961901	when was the movie the help released
509994	synonyms to significance
1149109	what is the state income tax rate in sc
328999	how much to eat to gain muscle mass
913798	what type of outlet to use with washing machine
369756	how to make sports picks
979257	where is canadore college located
292391	how many people get rejected for disability
219907	how do orthopedic surgeons get paid
136369	definition of monk
1176386	how old is jason statham?
947889	when does the beta for destiny n?
700831	what is a spaghetti diagram
1160634	what does sere stand for in the navy seals
357749	how to feed an array into a case structure in labview
681607	what is a ditty bag
612928	what county is south st. paul mn in
538130	voice activated language translator device
770188	what is measured in gigalitres
210660	how can i remove gel nails at home
418474	is montreal a city?
795739	what is shellac from
793354	what is salsa music and dance
740347	what is diversity through integration
4561	In the small intestine, what are the structures that hold the capillaries where absorption takes place?
2150	Avery name meaning
1164258	what compressor for tire changing
759762	what is interactive floor plan
242913	how long can you freeze salmon for
938333	when did emancipation day become a holiday
1360	3ds how to check free space
554962	what are antacids made of
1156509	what is autorhythmic
664393	what grand theft auto plays cult of personality
514415	the bancorp bank locations
805437	what is the astros record
807038	what is the average salary of a diesel mechanic
272794	how long until alcohol gets out of your system
627779	what does Clar means
427384	is the sky ride on carnival legend
351138	how to compile xml files
675006	what is a blood serum test
497228	show me how to dress for formal
532159	unexpected in macro definition
452595	menial symptoms
598322	what color is texas longhorns football
726817	what is cabela's do
114342	current weather in branson missouri
225306	how does aggressive behavior affect children with peers
286186	how many hours of sleep does hillary rodham clinton get every night
1037238	who is primary, medicaid or medicare
873635	what level does poipole evolve
1066206	why do you like roald dahl
688173	what is a kilogram in pounds?
546653	weather outlook for southern california
373687	how to pronounce claes oldenburg
473121	per diem for travelers in Mass
957849	when was glory days recorded song
591492	what causes severe low back pain when blood work and ct scan comes back normal
686079	what is a guest service attendant at target
396045	ingenuine definition
207044	how ai is changing the world
464058	news story about contingency fees
73729	can sound manipulate electrons
792802	what is runoff ratio
21638	are childhood pnets curable
27373	ask for that how much sleep i got last night.
679416	what is a cortex
407845	is dazed a emotion
8074	Where does flint come from
640337	what does it mean if carbon dioxide is low
408250	is diet barq's root beer caffeine free
725974	what is broadleaf
46124	average time it takes for marijuana for get out of system
949716	when is bosch coming back
695591	what is a post filled bumps on your skin color?
403706	is baby oil good for adult dry skin
452496	mem root meaning
751283	what is global warming explain to a child
706643	what is a yellow rose stand for
757019	what is icd process in clinical trial
974359	where does the krebs cycle occur in the cell ? quizlet
692166	what is a nci designated cancer center
747723	what is flash cache
729962	what is chicken blood stone
416806	is luke skywalker in star wars force awakens
168129	does language change need a reboot
1052410	who starred in hud
917082	what vitamin to take to improve your balance
498622	sintered definition
619679	what did ruth wakefield invent?
967715	where can i find the arcade game zackman
21797	are condos required to recycle in delaware
818929	what is the digestive system of a protist
647976	what does sipap mean in english
808411	what is the best nerf sniper
810335	what is the cause of open hearts and prevention
422227	is rasmussen accredited
1064369	why do crabs have pinchers
900357	what talk can you do
318219	how much does sodium cost per gram
1062208	why did bretton woods system break down
888492	what problem did thomas edison encounter after he invented the electric lightbulb
950839	when is justice league being released
13395	age most children take begin walking
869328	what kind of medicine do veterinarians use
66939	can ect cause nerve damage
350664	how to clean outdoor grill
319635	how much fluid can your lungs hold
537917	vitamins for sickness
632826	what does bailey name mean
408700	is dr david street board certified?
537393	virtuoso what feats do i need ddo
1150571	what is the latest album from blue october
1167562	calories in a head of cabbage
456415	most beautiful gardens
480920	price of sand per ton in ghana
1047903	who plays dr. lucien blake
701043	what is a split sleep study
277025	how many calories in a piece of strawberry twizzlers
268399	how long to be a sonographer
397069	interior decorator cost per hour
1009916	which four artists define the high renaissance
660283	what food contains vitamin e and c
601543	what countries are affected by water pollution
970332	where do armenians come from
728203	what is caster sugar
441542	lnmu graduation result
1017704	which port to use for udp
916606	what vehicles have vented seats
275700	how many btu is a gas stove
1043746	who makes altima
564383	what are rubber tipped forceps used for
753705	what is hardie board siding made of?
1037185	who is posh spice
253780	how long does it take for eggs to hatch?
466057	notice of reduction of hours letter
932880	what's the release date for player unknown battleground?
663376	what generation is intel ivy bridge
272914	how long until nicotine is out of your system
440149	limitations of difference in differences endogeneity
961431	when was the harry potter series made
719984	what is artificial?
137226	definition of polyptoton
319081	how much does welfare fraud cost
920514	what was the first reality show in us that appeared on tv
725568	what is bpa in cans
387705	how was the deccan plateau formed
528872	types of muscle pain
1062041	why did Hooke called the objects that he discovered cells.
222380	how do you get head lice
485434	rational number definition
211388	how can you tell if there is a problem with your transmission
149018	difference between trailer and semi trailer
334577	how old is carmela
340379	how tall do 6 inch heels make you
179381	electoral election definition
1026604	who did the modern double slit experiment
246021	how long do lilli pilli trees live
1030056	who is angela macuga
576760	what are verbal and nonverbal cues
649215	what does tetilla cheese taste like
232771	how far miami airport to cruise terminal
196197	gov retiement age
789682	what is raytheon
248727	how long do you wait to bleach hair
448136	meaning of lead
980752	where is cross sc
465428	normal hemoglobin values for a male
714035	what is an etching
1017475	which planet has a runaway greenhouse effect
822705	what is the function of the brain gcse
971221	where do most digestive products pass into the bloodstream
890424	what really charges glow in the dark lures
186200	felice herrig net worth
941078	when did texas secede from union
244548	how long do clams live
992472	where is schaller iowa
816004	what is the dew point
221301	how do you can estimate taxes to pay it to board of equalization
885376	what particles are atoms made out of?
641654	what does it required to be a detective
352037	how to cook a pulled pork in a pressure cooker
1139495	which side of the brain is writing
654441	what does under armour sale
576422	what are two the reason for using aseptic technique?
199063	has technology helped tennis elbow
128134	define the name blake
291344	how many ounces should a puppy drink
533531	us bank, el cerrito, safeway, hours
1171628	presidents day what's open
290750	how many oscars has clint eastwood won?;jkll;lkjlkj;
698328	what is a rmd distribution
237902	how is us congress elected
434304	khoa meaning vietnamese
172401	does the constitution protect non citizens
1030716	who is bob mackie
354067	how to deactivate hotmail account
640463	what does it mean if your engine is littering
389155	htc re price
480600	price of costco universal studios tickets
85304	causes of ambulatory hypoxia
164987	does connective tissue disease affect your brain
1149431	what is the recommended dosage of omeprazole for someone with helicobacter pylori
435202	labor define
1152497	what is stonewall in politics
683136	what is a fibroid outside uterus
822923	what is the function of the pen
278501	how many carbs in a glass of merlot
1151868	cost to have hardwood floors refinished
908227	what to use to protect loose leaf book
549065	what GI secretion is a waste product
510072	syracuse post standard bill pay
1036870	who is part of the one world airline alliance
85912	causes of crushing chest pain in women
1177960	how many windows logo keys are usually included on an enhanced keyboard
858154	what is tuition at harding university
418945	is nashville cst
964816	where aluminum can come from?
